ticker,name,sector,market,status,delist_reason,total_ret,cagr,mdd,ann_vol,best_year,worst_year,med_daily_value,pattern,artifact_tier,artifact_suspect,n_over_limit,n_intmult,jump_zero_vol,zero_vol_pct,max_flat_run,last_vs_peak_pct,final_30d_pct,n_days,first_date,last_date
196170,알테오젠,70113.0,KOSDAQ,survivor,,149.6575,0.5744,-0.7689,0.6829,2020:437%,2022:-39%,13261604534.34961,sideways,clean,False,0,0,0,0.006,3,,,2708,2014-12-12,2025-12-30
042700,한미반도체,29271.0,KOSPI,survivor,,75.9003,0.4364,-0.6789,0.5204,2023:437%,2022:-38%,3202880897.3847656,sideways,clean,False,0,0,0,0.012,17,,,2941,2014-01-02,2025-12-30
028300,HLB,213.0,KOSDAQ,survivor,,54.2086,0.3972,-0.8292,0.7478,2017:194%,2016:-39%,27414030671.13281,sideways,clean,False,0,0,0,0.006,2,,,2941,2014-01-02,2025-12-30
003230,삼양식품,108.0,KOSPI,survivor,,53.7716,0.3963,-0.5755,0.4528,2024:255%,2018:-46%,4082822527.945313,spike,clean,False,0,0,0,0.006,3,,,2941,2014-01-02,2025-12-30
000250,삼천당제약,212.0,KOSDAQ,survivor,,52.6,0.3938,-0.6857,0.6175,2018:146%,2021:-47%,8836110563.832031,spike,clean,False,0,0,0,0.005,3,,,2941,2014-01-02,2025-12-30
007390,네이처셀,211.0,,survivor,,39.4993,0.3616,-0.9206,0.8798,2017:395%,2018:-48%,6655153450.0,sideways,clean,False,0,0,0,0.007,3,,,2941,2014-01-02,2025-12-30
298040,효성중공업,281.0,KOSPI,survivor,,32.095,0.5979,-0.8622,0.5888,2025:355%,2019:-36%,6531539179.742188,sideways,clean,False,0,0,0,0.004,2,,,1830,2018-07-13,2025-12-30
041190,우리기술투자,6491.0,,survivor,,31.3932,0.3365,-0.8769,0.7421,2017:411%,2022:-59%,4009050000.0,spike,clean,False,0,0,0,0.007,3,,,2941,2014-01-02,2025-12-30
065350,신성델타테크,28519.0,,survivor,,27.059,0.3206,-0.7402,0.6626,2023:429%,2022:-52%,935667554.4267578,sideways,clean,False,0,0,0,0.005,4,,,2941,2014-01-02,2025-12-30
039200,오스코텍,212.0,,survivor,,24.7085,0.311,-0.7568,0.6449,2015:259%,2022:-51%,4605291600.0,sideways,clean,False,0,0,0,0.006,3,,,2941,2014-01-02,2025-12-30
140860,파크시스템스,27219.0,,survivor,,23.9242,0.3777,-0.5867,0.4575,2020:134%,2022:-25%,2196115065.5039062,spike,clean,False,0,0,0,0.006,3,,,2456,2015-12-17,2025-12-30
138040,메리츠금융지주,64992.0,KOSPI,survivor,,23.2355,0.3045,-0.6266,0.3577,2021:351%,2018:-20%,1340295717.7070312,spike,clean,False,0,0,0,0.005,3,,,2941,2014-01-02,2025-12-30
007660,이수페타시스,2622.0,KOSPI,survivor,,21.4028,0.296,-0.7439,0.5864,2023:425%,2019:-36%,3417411032.235352,sideways,clean,False,0,0,0,0.004,2,,,2941,2014-01-02,2025-12-30
064760,티씨케이,23999.0,KOSDAQ,survivor,,21.0498,0.2943,-0.7115,0.4776,2015:218%,2018:-46%,2638205820.8789062,sideways,clean,False,0,0,0,0.005,3,,,2941,2014-01-02,2025-12-30
058610,에스피지,28111.0,KOSDAQ,survivor,,20.9269,0.2937,-0.7303,0.5137,2025:249%,2024:-35%,1499043855.190918,spike,clean,False,0,0,0,0.006,6,,,2941,2014-01-02,2025-12-30
065710,서호전기,28123.0,,survivor,,20.2438,0.2903,-0.5507,0.3836,2025:183%,2018:-14%,138788794.6875,spike,clean,False,0,0,0,0.005,4,,,2941,2014-01-02,2025-12-30
000660,SK하이닉스,2612.0,KOSPI,survivor,,20.2079,0.2901,-0.4925,0.3881,2025:278%,2022:-42%,249651462574.14062,spike,clean,False,0,0,0,0.006,3,,,2941,2014-01-02,2025-12-30
049720,고려신용정보,75993.0,,survivor,,19.7936,0.288,-0.4517,0.3378,2015:153%,2016:-13%,205398610.68847656,spike,clean,False,0,0,0,0.01,8,,,2941,2014-01-02,2025-12-30
101490,에스앤에스텍,2629.0,KOSDAQ,survivor,,17.7523,0.2769,-0.7662,0.5445,2020:257%,2017:-46%,2751903453.1875,sideways,clean,False,0,0,0,0.006,3,,,2941,2014-01-02,2025-12-30
141080,리가켐바이오,70113.0,KOSDAQ,survivor,,17.2842,0.2742,-0.5755,0.6007,2020:166%,2022:-23%,6069000550.0,spike,clean,False,0,0,0,0.004,2,,,2941,2014-01-02,2025-12-30
000650,천일고속,49220.0,,survivor,,17.1727,0.2736,-0.598,0.4843,2025:881%,2024:-24%,31098620.8203125,spike,clean,False,0,0,0,0.007,4,,,2941,2014-01-02,2025-12-30
277810,레인보우로보틱스,29280.0,KOSDAQ,survivor,,17.0962,0.805,-0.4742,0.6811,2023:411%,2024:-8%,20146151750.0,spike,clean,False,0,0,0,0.006,2,,,1200,2021-02-03,2025-12-30
012450,한화에어로스페이스,31321.0,KOSPI,survivor,,16.3108,0.2684,-0.7784,0.4803,2025:191%,2017:-18%,16251870252.978516,spike,clean,False,0,0,0,0.013,12,,,2941,2014-01-02,2025-12-30
003670,포스코퓨처엠,282.0,KOSPI,survivor,,16.1504,0.2674,-0.8325,0.4936,2017:235%,2024:-60%,29584237866.47656,spike,clean,False,0,0,0,0.009,11,,,2941,2014-01-02,2025-12-30
090360,로보스타,29280.0,,survivor,,15.9319,0.2661,-0.8319,0.5787,2025:266%,2022:-30%,1641647520.0,spike,clean,False,0,0,0,0.005,3,,,2941,2014-01-02,2025-12-30
035900,JYP Ent.,59201.0,,survivor,,15.5082,0.2634,-0.6899,0.4386,2017:179%,2024:-30%,13458881076.164062,spike,clean,False,0,0,0,0.005,3,,,2941,2014-01-02,2025-12-30
058470,리노공업,2629.0,KOSDAQ,survivor,,15.4418,0.263,-0.496,0.3814,2020:112%,2022:-20%,3309421928.7597656,spike,clean,False,0,0,0,0.01,11,,,2941,2014-01-02,2025-12-30
066970,엘앤에프,28202.0,KOSPI,survivor,,15.2456,0.2617,-0.8582,0.5999,2020:239%,2024:-60%,14022961637.890623,sideways,clean,False,0,0,0,0.006,3,,,2941,2014-01-02,2025-12-30
089030,테크윙,29271.0,KOSDAQ,survivor,,15.2395,0.2617,-0.6155,0.5123,2024:237%,2018:-54%,2752453489.602539,spike,clean,False,0,0,0,0.004,2,,,2941,2014-01-02,2025-12-30
126340,비나텍,282.0,,survivor,,14.8587,0.2592,-0.7133,0.707,2020:197%,2024:-36%,34903809.154296875,spike,clean,False,0,0,0,0.224,71,,,2941,2014-01-02,2025-12-30
003350,한국화장품제조,20423.0,,survivor,,14.456,0.2565,-0.6968,0.6493,2015:323%,2021:-30%,995564333.4423828,spike,clean,False,0,0,0,0.006,3,,,2941,2014-01-02,2025-12-30
058970,엠로,582.0,,survivor,,13.7628,0.3215,-0.6922,0.697,2023:425%,2025:-42%,78312960.0,sideways,clean,False,0,0,0,0.107,16,,,2365,2016-05-04,2025-12-30
298380,에이비엘바이오,211.0,KOSDAQ,survivor,,13.652,0.465,-0.6547,0.701,2025:569%,2021:-29%,16635088350.0,spike,clean,False,0,0,0,0.006,2,,,1723,2018-12-19,2025-12-30
033100,제룡전기,2811.0,,survivor,,13.6252,0.2507,-0.8106,0.5911,2024:134%,2025:-21%,1492399466.1132812,spike,clean,False,0,0,0,0.006,4,,,2941,2014-01-02,2025-12-30
267260,HD현대일렉트릭,281.0,KOSPI,survivor,,13.3464,0.361,-0.9306,0.5856,2024:366%,2018:-61%,7982959662.580078,sideways,clean,False,0,0,0,0.006,3,,,2116,2017-05-10,2025-12-30
138610,나이벡,213.0,,survivor,,13.1851,0.2475,-0.7832,0.6967,2020:290%,2022:-35%,946801400.0,spike,clean,False,0,0,0,0.005,3,,,2941,2014-01-02,2025-12-30
000155,두산우,,,survivor,,12.934,0.2457,-0.704,0.4268,2025:353%,2022:-38%,206435388.75,spike,clean,False,0,0,0,0.011,12,,,2941,2014-01-02,2025-12-30
071055,한국금융지주우,,,survivor,,12.7634,0.2444,-0.5662,0.317,2025:154%,2022:-30%,260603753.96484372,spike,clean,False,0,0,0,0.006,3,,,2941,2014-01-02,2025-12-30
036810,에프에스티,2629.0,,survivor,,11.9431,0.238,-0.6936,0.5632,2020:245%,2022:-38%,1889247564.1230469,spike,clean,False,0,0,0,0.006,3,,,2941,2014-01-02,2025-12-30
087010,펩트론,211.0,KOSDAQ,survivor,,11.8551,0.2771,-0.8175,0.7362,2023:426%,2016:-42%,3972275504.097656,sideways,clean,False,0,0,0,0.005,2,,,2559,2015-07-22,2025-12-30
093520,매커스,4659.0,,survivor,,11.3133,0.2329,-0.6822,0.5461,2025:182%,2024:-33%,684857178.1816406,spike,clean,False,0,0,0,0.005,3,,,2941,2014-01-02,2025-12-30
095340,ISC,465.0,KOSDAQ,survivor,,11.1475,0.2315,-0.8471,0.5661,2020:179%,2018:-54%,3368468456.814453,spike,clean,False,0,0,0,0.006,3,,,2941,2014-01-02,2025-12-30
131970,두산테스나,739.0,KOSDAQ,survivor,,10.9818,0.2301,-0.7117,0.535,2019:164%,2024:-57%,3800296247.875,sideways,clean,False,0,0,0,0.004,2,,,2941,2014-01-02,2025-12-30
323280,태성,292.0,KOSDAQ,survivor,,10.8984,0.4621,-0.6925,0.7342,2024:488%,2022:-18%,537448590.0,spike,clean,False,0,0,0,0.034,50,,,1600,2019-06-24,2025-12-30
093320,케이아이엔엑스,63112.0,,survivor,,10.719,0.2278,-0.5631,0.4261,2020:98%,2021:-30%,802847970.265625,sideways,clean,False,0,0,0,0.005,3,,,2941,2014-01-02,2025-12-30
137400,피엔티,292.0,,survivor,,10.2386,0.2235,-0.6435,0.5255,2020:241%,2024:-25%,5136125047.75,spike,clean,False,0,0,0,0.004,2,,,2941,2014-01-02,2025-12-30
008830,대동기어,292.0,,survivor,,9.8631,0.2201,-0.5916,0.6002,2021:68%,2017:-18%,39504233.70996094,sideways,clean,False,0,0,0,0.018,4,,,2941,2014-01-02,2025-12-30
119850,지엔씨에너지,28111.0,,survivor,,9.6543,0.2181,-0.6864,0.5405,2025:278%,2022:-25%,644447572.2241211,spike,clean,False,0,0,0,0.006,3,,,2941,2014-01-02,2025-12-30
006110,삼아알미늄,24222.0,,survivor,,9.5918,0.2175,-0.8843,0.5892,2020:163%,2024:-68%,334024562.5546875,sideways,clean,False,0,0,0,0.005,4,,,2941,2014-01-02,2025-12-30
075580,세진중공업,31114.0,,survivor,,9.5168,0.2628,-0.6884,0.5204,2020:124%,2022:-10%,978593384.6228029,spike,clean,False,0,0,0,0.006,3,,,2469,2015-11-30,2025-12-30
000990,DB하이텍,2611.0,KOSPI,survivor,,9.4462,0.2161,-0.6408,0.5088,2015:210%,2022:-47%,9328938619.328123,sideways,clean,False,0,0,0,0.009,9,,,2941,2014-01-02,2025-12-30
078350,한양디지텍,2611.0,,survivor,,9.3606,0.2153,-0.744,0.5122,2021:234%,2024:-40%,421568620.0,spike,clean,False,0,0,0,0.005,3,,,2941,2014-01-02,2025-12-30
005290,동진쎄미켐,20129.0,KOSDAQ,survivor,,9.3066,0.2147,-0.7316,0.5075,2019:130%,2018:-67%,10663521980.976562,sideways,clean,False,0,0,0,0.004,2,,,2941,2014-01-02,2025-12-30
036200,유니셈,29271.0,,survivor,,9.1829,0.2135,-0.7273,0.5422,2015:560%,2022:-61%,1864314878.4873047,spike,clean,False,0,0,0,0.006,3,,,2941,2014-01-02,2025-12-30
100840,SNT에너지,29176.0,,survivor,,8.8748,0.2104,-0.6579,0.4719,2024:235%,2016:-35%,308826211.875,spike,clean,False,0,0,0,0.006,3,,,2941,2014-01-02,2025-12-30
257720,실리콘투,46800.0,KOSDAQ,survivor,,8.7437,0.7094,-0.7504,0.8181,2024:324%,2022:-24%,17484587936.160156,spike,clean,False,0,0,0,0.009,3,,,1037,2021-10-01,2025-12-30
014680,한솔케미칼,20129.0,KOSPI,survivor,,8.6993,0.2086,-0.7568,0.4046,2025:138%,2024:-57%,5259356929.265625,spike,clean,False,0,0,0,0.005,3,,,2941,2014-01-02,2025-12-30
003547,대신증권2우B,,,survivor,,8.558,0.2071,-0.3154,0.1714,2021:70%,2022:-18%,80674741.75,steady_grower,clean,False,0,0,0,0.006,4,,,2941,2014-01-02,2025-12-30
247540,에코프로비엠,28202.0,KOSDAQ,survivor,,8.5039,0.391,-0.8242,0.6106,2020:222%,2024:-62%,75588481090.27539,sideways,clean,False,0,0,0,0.004,2,,,1676,2019-03-05,2025-12-30
005070,코스모신소재,204.0,KOSPI,survivor,,8.5015,0.2065,-0.8715,0.5947,2017:199%,2024:-65%,7986703200.0,sideways,clean,False,0,0,0,0.011,18,,,2941,2014-01-02,2025-12-30
003545,대신증권우,,,survivor,,8.4333,0.2058,-0.3362,0.1832,2021:70%,2022:-19%,306396326.25390625,steady_grower,clean,False,0,0,0,0.005,4,,,2941,2014-01-02,2025-12-30
001270,부국증권,66121.0,,survivor,,8.4066,0.2055,-0.4781,0.2902,2025:117%,2022:-20%,38386794.31640625,spike,clean,False,0,0,0,0.009,4,,,2941,2014-01-02,2025-12-30
005945,NH투자증권우,,,survivor,,8.1409,0.2026,-0.3761,0.1961,2025:74%,2022:-19%,264897371.7368164,steady_grower,clean,False,0,0,0,0.006,5,,,2941,2014-01-02,2025-12-30
099320,쎄트렉아이,3131.0,KOSDAQ,survivor,,7.846,0.1994,-0.7134,0.4922,2016:77%,2018:-40%,968265779.2773438,sideways,clean,False,0,0,0,0.006,3,,,2941,2014-01-02,2025-12-30
012205,계양전기우,,,survivor,,7.8431,0.1993,-0.8725,0.6241,2025:245%,2022:-24%,31662190.54125977,spike,clean,False,0,0,0,0.044,106,,,2941,2014-01-02,2025-12-30
010120,LS ELECTRIC,28121.0,KOSPI,survivor,,7.7388,0.1981,-0.6609,0.4451,2025:186%,2018:-23%,4688120437.910156,spike,clean,False,0,0,0,0.006,4,,,2941,2014-01-02,2025-12-30
086390,유니테스트,29271.0,,survivor,,7.5683,0.1962,-0.7639,0.5343,2020:90%,2022:-65%,3456363269.3164062,sideways,clean,False,0,0,0,0.004,3,,,2941,2014-01-02,2025-12-30
067160,SOOP,582.0,,survivor,,7.5251,0.1957,-0.7396,0.529,2021:236%,2022:-65%,6998562755.396484,spike,clean,False,0,0,0,0.006,3,,,2941,2014-01-02,2025-12-30
103590,일진전기,2830.0,KOSPI,survivor,,7.5208,0.1956,-0.866,0.5105,2024:159%,2015:-34%,911429222.722168,sideways,clean,False,0,0,0,0.006,3,,,2941,2014-01-02,2025-12-30
101930,인화정공,31114.0,,survivor,,7.486,0.1952,-0.6366,0.4096,2024:164%,2019:-15%,85960398.4588623,spike,clean,False,0,0,0,0.006,3,,,2941,2014-01-02,2025-12-30
310210,보로노이,701.0,KOSDAQ,survivor,,7.4679,0.8379,-0.6041,0.7977,2025:172%,2024:48%,10923868500.0,spike,clean,False,0,0,0,0.0,2,,,859,2022-06-27,2025-12-30
068760,셀트리온제약,212.0,,survivor,,7.4419,0.1947,-0.7892,0.5606,2020:511%,2021:-46%,6898159132.46875,spike,clean,False,0,0,0,0.006,3,,,2941,2014-01-02,2025-12-30
060370,LS마린솔루션,423.0,,survivor,,7.3435,0.1935,-0.7232,0.5055,2023:124%,2018:-27%,1099534386.7382812,spike,clean,False,0,0,0,0.005,3,,,2941,2014-01-02,2025-12-30
180640,한진칼,64992.0,,survivor,,7.0649,0.1902,-0.6785,0.5656,2023:95%,2022:-39%,7185379837.71875,sideways,clean,False,0,0,0,0.006,3,,,2941,2014-01-02,2025-12-30
094480,갤럭시아머니트리,58221.0,,survivor,,7.0274,0.1897,-0.8034,0.672,2021:275%,2022:-69%,919486790.4858398,spike,clean,False,0,0,0,0.006,3,,,2941,2014-01-02,2025-12-30
051160,지어소프트,58221.0,,survivor,,6.9939,0.1893,-0.7832,0.6475,2020:236%,2022:-52%,691524780.0,spike,clean,False,0,0,0,0.005,3,,,2941,2014-01-02,2025-12-30
078600,대주전자재료,2629.0,KOSDAQ,survivor,,6.9781,0.1891,-0.723,0.5561,2017:230%,2022:-33%,5472863531.90625,sideways,clean,False,0,0,0,0.005,4,,,2941,2014-01-02,2025-12-30
004105,태양금속우,,,survivor,,6.9473,0.1887,-0.8657,0.7808,2015:535%,2024:-49%,110530564.96875,spike,clean,False,0,0,0,0.009,11,,,2941,2014-01-02,2025-12-30
039490,키움증권,66121.0,KOSPI,survivor,,6.7736,0.1865,-0.5748,0.3968,2025:159%,2022:-19%,4570025138.65625,spike,clean,False,0,0,0,0.006,3,,,2941,2014-01-02,2025-12-30
000150,두산,26221.0,KOSPI,survivor,,6.7364,0.186,-0.8208,0.5278,2025:208%,2019:-39%,5790127029.875,sideways,clean,False,0,0,0,0.011,12,,,2941,2014-01-02,2025-12-30
095610,테스,29271.0,KOSDAQ,survivor,,6.7333,0.186,-0.7505,0.5119,2025:193%,2018:-67%,3839525815.289063,sideways,clean,False,0,0,0,0.005,3,,,2941,2014-01-02,2025-12-30
092460,한라IMS,31114.0,,survivor,,6.6247,0.1846,-0.7735,0.4632,2025:116%,2017:-30%,196413869.67456052,spike,clean,False,0,0,0,0.005,3,,,2941,2014-01-02,2025-12-30
281740,레이크머티리얼즈,204.0,,survivor,,6.5942,0.2864,-0.6806,0.5702,2023:297%,2024:-37%,2306200931.807129,spike,clean,False,0,0,0,0.073,45,,,1971,2017-12-12,2025-12-30
067310,하나마이크론,2611.0,KOSDAQ,survivor,,6.594,0.1842,-0.7281,0.5295,2023:214%,2024:-62%,3317699302.5820312,sideways,clean,False,0,0,0,0.005,3,,,2941,2014-01-02,2025-12-30
019010,베뉴지,47111.0,,survivor,,6.5895,0.1841,-0.6404,0.3349,2018:50%,2019:-3%,86377648.77929688,sideways,clean,False,0,0,0,0.009,10,,,2941,2014-01-02,2025-12-30
025980,아난티,551.0,,survivor,,6.529,0.1833,-0.8767,0.6001,2015:256%,2019:-45%,4700656300.0,spike,clean,False,0,0,0,0.009,11,,,2941,2014-01-02,2025-12-30
007330,푸른저축은행,64132.0,,survivor,,6.4311,0.1821,-0.6337,0.4221,2015:97%,2023:-25%,62814908.06103516,sideways,clean,False,0,0,0,0.006,5,,,2941,2014-01-02,2025-12-30
003310,대주산업,109.0,,survivor,,6.412,0.1818,-0.8331,0.6105,2025:143%,2018:-34%,690965184.9648438,spike,clean,False,0,0,0,0.006,4,,,2941,2014-01-02,2025-12-30
079370,제우스,29271.0,,survivor,,6.3526,0.181,-0.694,0.5052,2020:114%,2018:-30%,1345616131.388672,spike,clean,False,0,0,0,0.005,3,,,2941,2014-01-02,2025-12-30
043260,성호전자,26291.0,KOSDAQ,survivor,,6.3043,0.1804,-0.7575,0.5056,2025:724%,2022:-26%,299799787.0,spike,clean,False,0,0,0,0.006,3,,,2941,2014-01-02,2025-12-30
232140,와이씨,292.0,KOSDAQ,survivor,,6.24,0.2185,-0.7663,0.5718,2017:163%,2018:-63%,1344553440.0,spike,clean,False,0,0,0,0.03,54,,,2451,2015-12-24,2025-12-30
089890,코세스,29271.0,,survivor,,6.2379,0.1795,-0.7821,0.608,2025:231%,2024:-39%,485888400.0,spike,clean,False,0,0,0,0.005,3,,,2941,2014-01-02,2025-12-30
131290,티에스이,27212.0,,survivor,,6.233,0.1794,-0.6938,0.5396,2020:356%,2018:-60%,945674384.9882812,sideways,clean,False,0,0,0,0.005,3,,,2941,2014-01-02,2025-12-30
175330,JB금융지주,64992.0,,survivor,,6.165,0.1785,-0.498,0.2636,2025:67%,2015:-9%,1487063799.296875,steady_grower,clean,False,0,0,0,0.006,3,,,2941,2014-01-02,2025-12-30
019180,티에이치엔,289.0,,survivor,,6.1505,0.1783,-0.6593,0.5094,2025:155%,2020:-29%,275661973.6484375,spike,clean,False,0,0,0,0.006,4,,,2941,2014-01-02,2025-12-30
083650,비에이치아이,29176.0,KOSDAQ,survivor,,6.1345,0.178,-0.8684,0.6412,2025:239%,2015:-55%,715204800.0,spike,clean,False,0,0,0,0.005,3,,,2941,2014-01-02,2025-12-30
042600,새로닉스,2629.0,,survivor,,6.1302,0.178,-0.9006,0.6075,2020:276%,2024:-68%,222118610.0,sideways,clean,False,0,0,0,0.005,3,,,2941,2014-01-02,2025-12-30
030190,NICE평가정보,63991.0,,survivor,,6.1265,0.1779,-0.6746,0.4068,2015:119%,2016:-31%,1324738410.0292969,spike,clean,False,0,0,0,0.005,3,,,2941,2014-01-02,2025-12-30
101160,월덱스,262.0,,survivor,,6.0429,0.1768,-0.7263,0.5134,2017:125%,2022:-35%,1281305464.6542969,spike,clean,False,0,0,0,0.006,4,,,2941,2014-01-02,2025-12-30
458870,씨어스,27199.0,,survivor,,6.0324,2.5768,-0.5362,0.7159,2025:1138%,2025:1138%,2271712068.6152344,spike,clean,False,0,0,0,0.0,1,,,372,2024-06-19,2025-12-30
068270,셀트리온,21100.0,KOSPI,survivor,,5.9966,0.1761,-0.6445,0.4422,2015:124%,2021:-44%,89798969604.5,sideways,clean,False,0,0,0,0.006,3,,,2941,2014-01-02,2025-12-30
228760,지노믹트리,701.0,,survivor,,5.9936,0.2286,-0.778,0.5912,2018:294%,2020:-38%,1127408275.0,spike,clean,False,0,0,0,0.067,32,,,2314,2016-07-19,2025-12-30
290650,엘앤씨바이오,212.0,KOSDAQ,survivor,,5.9087,0.3098,-0.7031,0.5628,2020:305%,2022:-37%,4284295335.3515625,spike,clean,False,0,0,0,0.006,3,,,1757,2018-11-01,2025-12-30
207940,삼성바이오로직스,211.0,KOSPI,survivor,,5.8985,0.2355,-0.5728,0.3807,2017:146%,2022:-8%,55857562341.64063,spike,clean,False,0,0,0,0.021,18,,,2236,2016-11-11,2025-12-30
123690,한국화장품,46443.0,,survivor,,5.8767,0.1744,-0.7699,0.6139,2015:153%,2018:-38%,1225946500.0,spike,clean,False,0,0,0,0.006,3,,,2941,2014-01-02,2025-12-30
039030,이오테크닉스,29271.0,KOSDAQ,survivor,,5.8586,0.1742,-0.7457,0.5447,2023:130%,2018:-56%,8151543801.03125,spike,clean,False,0,0,0,0.004,2,,,2941,2014-01-02,2025-12-30
079940,가비아,58221.0,,survivor,,5.8541,0.1741,-0.5224,0.4435,2025:96%,2022:-24%,639563765.0390625,sideways,clean,False,0,0,0,0.005,3,,,2941,2014-01-02,2025-12-30
003540,대신증권,66121.0,,survivor,,5.8355,0.1738,-0.5601,0.2893,2025:81%,2022:-25%,911026700.0595704,sideways,clean,False,0,0,0,0.005,3,,,2941,2014-01-02,2025-12-30
039440,에스티아이,29271.0,,survivor,,5.8192,0.1736,-0.7314,0.5593,2017:151%,2018:-64%,2699953370.078125,sideways,clean,False,0,0,0,0.006,3,,,2941,2014-01-02,2025-12-30
000500,가온전선,28302.0,,survivor,,5.8133,0.1735,-0.6469,0.4787,2024:156%,2018:-23%,197555307.45117188,spike,clean,False,0,0,0,0.005,3,,,2941,2014-01-02,2025-12-30
048410,현대바이오,204.0,KOSDAQ,survivor,,5.8063,0.1734,-0.8293,0.7585,2019:159%,2024:-43%,5522095436.828125,spike,clean,False,0,0,0,0.005,3,,,2941,2014-01-02,2025-12-30
098460,고영,29271.0,KOSDAQ,survivor,,5.7563,0.1727,-0.7364,0.4627,2025:185%,2024:-51%,3921315658.4179688,spike,clean,False,0,0,0,0.007,3,,,2941,2014-01-02,2025-12-30
079550,LIG디펜스앤에어로스페이스,25200.0,KOSPI,survivor,,5.756,0.205,-0.8666,0.4829,2021:129%,2018:-37%,8255032837.3125,spike,clean,False,0,0,0,0.006,3,,,2509,2015-10-02,2025-12-30
031980,피에스케이홀딩스,29271.0,KOSDAQ,survivor,,5.7321,0.3353,-0.6564,0.6139,2023:302%,2022:-59%,1076509656.0351562,spike,clean,False,0,0,0,0.007,3,,,1619,2019-05-27,2025-12-30
001720,신영증권,66121.0,,survivor,,5.7201,0.1722,-0.3444,0.2377,2025:88%,2015:-7%,161282171.8984375,steady_grower,clean,False,0,0,0,0.005,4,,,2941,2014-01-02,2025-12-30
097520,엠씨넥스,26519.0,,survivor,,5.685,0.1717,-0.7285,0.4979,2015:255%,2022:-51%,2144013412.631836,spike,clean,False,0,0,0,0.005,4,,,2941,2014-01-02,2025-12-30
056080,유진로봇,292.0,KOSDAQ,survivor,,5.6667,0.1714,-0.8284,0.5765,2023:190%,2024:-45%,1087356720.0,spike,clean,False,0,0,0,0.006,3,,,2941,2014-01-02,2025-12-30
059090,미코,261.0,,survivor,,5.6543,0.1712,-0.6904,0.5796,2020:162%,2022:-49%,2133407550.0,spike,clean,False,0,0,0,0.006,3,,,2941,2014-01-02,2025-12-30
080220,제주반도체,2611.0,KOSDAQ,survivor,,5.5957,0.1704,-0.7851,0.6062,2023:283%,2022:-45%,1515339460.0,spike,clean,False,0,0,0,0.005,3,,,2941,2014-01-02,2025-12-30
009780,엠에스씨,108.0,,survivor,,5.557,0.1698,-0.6343,0.5243,2016:75%,2019:-36%,103906986.40185548,sideways,clean,False,0,0,0,0.009,13,,,2941,2014-01-02,2025-12-30
229640,LS에코에너지,64992.0,,survivor,,5.4645,0.2231,-0.5512,0.526,2023:189%,2018:-8%,915534932.0766602,spike,clean,False,0,0,0,0.004,2,,,2270,2016-09-23,2025-12-30
037460,삼지전자,2642.0,,survivor,,5.4268,0.1678,-0.6653,0.497,2015:104%,2022:-28%,559784964.3066406,spike,clean,False,0,0,0,0.004,4,,,2941,2014-01-02,2025-12-30
353810,이지바이오,109.0,,survivor,,5.4162,0.3963,-0.694,0.6117,2025:38%,2021:-22%,781454773.8413086,sideways,clean,False,0,0,0,0.018,5,,,1365,2020-06-05,2025-12-30
001275,부국증권우,,,survivor,,5.4002,0.1674,-0.3586,0.1703,2025:41%,2018:-11%,7018582.3828125,steady_grower,clean,False,0,0,0,0.017,10,,,2941,2014-01-02,2025-12-30
006805,미래에셋증권우,,,survivor,,5.3697,0.167,-0.6659,0.3269,2025:266%,2018:-30%,70668932.23706055,spike,clean,False,0,0,0,0.006,3,,,2941,2014-01-02,2025-12-30
032820,우리기술,281.0,KOSDAQ,survivor,,5.3636,0.1669,-0.8436,0.6567,2025:118%,2022:-22%,1896889755.0,spike,clean,False,0,0,0,0.011,15,,,2941,2014-01-02,2025-12-30
005935,삼성전자우,,,survivor,,5.2824,0.1656,-0.4308,0.2754,2025:107%,2024:-27%,48304079476.328125,spike,clean,False,0,0,0,0.007,3,,,2941,2014-01-02,2025-12-30
466100,클로봇,58221.0,KOSDAQ,survivor,,5.2562,3.7815,-0.434,0.906,2025:607%,2025:607%,44770737240.0,spike,clean,False,0,0,0,0.0,1,,,286,2024-10-28,2025-12-30
064350,현대로템,31910.0,KOSPI,survivor,,5.2376,0.1649,-0.7818,0.4964,2025:279%,2019:-44%,15325249253.82422,spike,clean,False,0,0,0,0.004,2,,,2941,2014-01-02,2025-12-30
094170,동운아나텍,2611.0,,survivor,,5.2257,0.1902,-0.6842,0.6109,2023:113%,2021:-29%,1660832050.5952148,spike,clean,False,0,0,0,0.006,2,,,2575,2015-06-30,2025-12-30
009470,삼화전기,26291.0,,survivor,,5.1929,0.1642,-0.8463,0.6217,2017:231%,2022:-54%,771832691.4375,spike,clean,False,0,0,0,0.004,2,,,2941,2014-01-02,2025-12-30
001755,한양증권우,,,survivor,,5.1918,0.1642,-0.6063,0.5337,2020:92%,2022:-29%,5703524.0537109375,sideways,clean,False,0,0,0,0.038,7,,,2941,2014-01-02,2025-12-30
001750,한양증권,66121.0,,survivor,,5.1819,0.1641,-0.5472,0.2618,2021:80%,2022:-43%,89450075.67480469,sideways,clean,False,0,0,0,0.005,3,,,2941,2014-01-02,2025-12-30
001530,DI동일,46103.0,,survivor,,5.1789,0.164,-0.6831,0.4068,2020:104%,2025:-58%,512289769.855957,spike,clean,False,0,0,0,0.012,15,,,2941,2014-01-02,2025-12-30
272210,한화시스템,26299.0,KOSPI,survivor,,5.159,0.3452,-0.6002,0.52,2025:141%,2022:-33%,14254757107.910156,spike,clean,False,0,0,0,0.006,3,,,1503,2019-11-13,2025-12-30
064820,케이프,31114.0,,survivor,,5.1441,0.1635,-0.584,0.5277,2020:143%,2018:-35%,312731692.1777344,spike,clean,False,0,0,0,0.006,3,,,2941,2014-01-02,2025-12-30
002840,미원상사,204.0,,survivor,,5.0933,0.1627,-0.3518,0.2729,2020:115%,2025:-19%,148586684.3125,spike,clean,False,0,0,0,0.026,12,,,2941,2014-01-02,2025-12-30
054450,텔레칩스,2611.0,,survivor,,5.065,0.1622,-0.7164,0.5003,2023:203%,2024:-62%,1028883520.0,spike,clean,False,0,0,0,0.005,3,,,2941,2014-01-02,2025-12-30
005930,삼성전자,264.0,KOSPI,survivor,,5.0432,0.1618,-0.4285,0.2683,2025:130%,2024:-31%,587106066299.6797,spike,clean,False,0,0,0,0.006,3,,,2941,2014-01-02,2025-12-30
000105,유한양행우,,,survivor,,5.0216,0.1615,-0.5113,0.3392,2015:99%,2021:-15%,30926855.15234375,sideways,clean,False,0,0,0,0.033,7,,,2941,2014-01-02,2025-12-30
003570,SNT다이내믹스,30331.0,,survivor,,4.9981,0.1611,-0.6748,0.3835,2025:159%,2016:-32%,445093370.6679688,spike,clean,False,0,0,0,0.005,3,,,2941,2014-01-02,2025-12-30
003610,방림,132.0,,survivor,,4.9803,0.1608,-0.7644,0.3909,2024:101%,2023:-54%,169672361.30371094,spike,clean,False,0,0,0,0.011,12,,,2941,2014-01-02,2025-12-30
166090,하나머티리얼즈,2612.0,,survivor,,4.9646,0.2286,-0.6667,0.548,2021:122%,2024:-54%,4477068495.59082,spike,clean,False,0,0,0,0.006,3,,,2120,2017-04-28,2025-12-30
071050,한국금융지주,64992.0,KOSPI,survivor,,4.9162,0.1598,-0.6496,0.3713,2025:138%,2022:-31%,7719632489.296875,spike,clean,False,0,0,0,0.005,3,,,2941,2014-01-02,2025-12-30
036530,SNT홀딩스,64992.0,,survivor,,4.9008,0.1595,-0.6215,0.3152,2025:155%,2016:-45%,150897270.28125,spike,clean,False,0,0,0,0.005,4,,,2941,2014-01-02,2025-12-30
084670,동양고속,49220.0,,survivor,,4.8838,0.1593,-0.7874,0.4043,2025:896%,2024:-44%,48353600.0,spike,clean,False,0,0,0,0.006,4,,,2941,2014-01-02,2025-12-30
001820,삼화콘덴서,26291.0,KOSPI,survivor,,4.8754,0.1591,-0.7825,0.4809,2017:304%,2022:-49%,2615525227.65625,spike,clean,False,0,0,0,0.006,3,,,2941,2014-01-02,2025-12-30
253590,네오셈,292.0,KOSDAQ,survivor,,4.7868,0.2546,-0.6495,0.6028,2020:167%,2019:-23%,759600954.984375,spike,clean,False,0,0,0,0.03,42,,,1897,2018-04-04,2025-12-30
147830,제룡산업,251.0,,survivor,,4.768,0.1573,-0.813,0.5927,2016:215%,2019:-33%,462582690.319336,spike,clean,False,0,0,0,0.004,2,,,2941,2014-01-02,2025-12-30
100090,SK오션플랜트,2413.0,,survivor,,4.743,0.1569,-0.8009,0.5608,2020:376%,2024:-35%,1668992829.2753906,spike,clean,False,0,0,0,0.006,3,,,2941,2014-01-02,2025-12-30
128940,한미약품,21212.0,KOSPI,survivor,,4.7289,0.1567,-0.7033,0.4745,2015:630%,2016:-58%,14907867632.625,spike,clean,False,0,0,0,0.005,3,,,2941,2014-01-02,2025-12-30
004310,현대약품,212.0,,survivor,,4.7175,0.1565,-0.6903,0.5234,2025:140%,2021:-22%,858774690.4909668,spike,clean,False,0,0,0,0.011,15,,,2941,2014-01-02,2025-12-30
010130,고려아연,24213.0,KOSPI,survivor,,4.7136,0.1564,-0.6715,0.413,2024:107%,2018:-10%,14969285390.71875,spike,clean,False,0,0,0,0.006,3,,,2941,2014-01-02,2025-12-30
064850,에프앤가이드,639.0,,survivor,,4.6993,0.1562,-0.8283,0.6243,2020:159%,2022:-36%,9228954.91796875,spike,clean,False,0,0,0,0.26,46,,,2941,2014-01-02,2025-12-30
045340,토탈소프트,58221.0,,survivor,,4.6803,0.1559,-0.8518,0.643,2020:138%,2022:-63%,288262327.2636719,spike,clean,False,0,0,0,0.006,3,,,2941,2014-01-02,2025-12-30
008355,남선알미우,,,survivor,,4.6515,0.1554,-0.8839,0.8232,2018:251%,2024:-55%,73920000.0,spike,clean,False,0,0,0,0.007,3,,,2941,2014-01-02,2025-12-30
389470,인벤티지랩,701.0,,survivor,,4.6321,0.745,-0.6454,0.9812,2025:295%,2024:22%,4959499575.0,spike,clean,False,0,0,0,0.003,2,,,758,2022-11-22,2025-12-30
200710,에이디테크놀로지,2611.0,,survivor,,4.573,0.1684,-0.7853,0.648,2023:163%,2024:-51%,2456532984.1875,spike,clean,False,0,0,0,0.005,3,,,2706,2014-12-16,2025-12-30
004590,한국가구,478.0,,survivor,,4.5689,0.154,-0.6097,0.3909,2015:126%,2022:-31%,94915461.68945312,spike,clean,False,0,0,0,0.009,4,,,2941,2014-01-02,2025-12-30
084370,유진테크,29271.0,KOSDAQ,survivor,,4.5352,0.1534,-0.6313,0.4769,2025:141%,2022:-57%,3930922480.03125,spike,clean,False,0,0,0,0.006,3,,,2941,2014-01-02,2025-12-30
049430,코메론,27219.0,,survivor,,4.4874,0.1525,-0.6021,0.3621,2015:46%,2018:-21%,194886069.23242188,sideways,clean,False,0,0,0,0.006,3,,,2941,2014-01-02,2025-12-30
006340,대원전선,28302.0,KOSPI,survivor,,4.4867,0.1525,-0.8191,0.6342,2015:233%,2016:-48%,1119799860.0,spike,clean,False,0,0,0,0.005,3,,,2941,2014-01-02,2025-12-30
368770,파이버프로,27219.0,KOSDAQ,survivor,,4.4799,0.4112,-0.6582,0.6542,2025:124%,2022:-24%,748246859.8901367,spike,clean,False,0,0,0,0.055,57,,,1209,2021-01-21,2025-12-30
124500,아이티센글로벌,62021.0,KOSDAQ,survivor,,4.4563,0.152,-0.7488,0.6241,2025:483%,2024:-30%,566485650.0,sideways,clean,False,0,0,0,0.036,14,,,2941,2014-01-02,2025-12-30
222800,심텍,2622.0,KOSDAQ,survivor,,4.4355,0.1768,-0.8228,0.5338,2025:348%,2024:-71%,5222919943.143555,spike,clean,False,0,0,0,0.007,3,,,2547,2015-08-07,2025-12-30
102710,이엔에프테크놀로지,2049.0,,survivor,,4.4157,0.1513,-0.7207,0.495,2015:184%,2018:-51%,2588921094.585937,sideways,clean,False,0,0,0,0.006,3,,,2941,2014-01-02,2025-12-30
025950,동신건설,41221.0,,survivor,,4.3854,0.1507,-0.856,0.7732,2020:419%,2022:-67%,251565226.91015625,spike,clean,False,0,0,0,0.006,3,,,2941,2014-01-02,2025-12-30
006345,대원전선우,,,survivor,,4.3803,0.1506,-0.8611,0.7738,2015:420%,2017:-27%,78672440.0,spike,clean,False,0,0,0,0.006,3,,,2941,2014-01-02,2025-12-30
053610,프로텍,29271.0,,survivor,,4.3487,0.1501,-0.6719,0.4956,2023:117%,2024:-51%,822677291.3671875,spike,clean,False,0,0,0,0.013,20,,,2941,2014-01-02,2025-12-30
074600,원익QnC,2312.0,,survivor,,4.3331,0.1498,-0.6213,0.4668,2017:85%,2018:-39%,3313367322.5820312,sideways,clean,False,0,0,0,0.006,3,,,2941,2014-01-02,2025-12-30
336260,두산퓨얼셀,28111.0,KOSPI,survivor,,4.3331,0.3099,-0.7998,0.6535,2020:522%,2022:-39%,12152566650.0,spike,clean,False,0,0,0,0.007,2,,,1521,2019-10-18,2025-12-30
004985,성신양회우,,,survivor,,4.3099,0.1494,-0.7718,0.7223,2018:101%,2022:-28%,60795725.541015625,spike,clean,False,0,0,0,0.007,4,,,2941,2014-01-02,2025-12-30
036620,감성코퍼레이션,467.0,,survivor,,4.2642,0.1486,-0.8703,0.629,2021:212%,2018:-51%,511282069.82543945,spike,clean,False,0,0,0,0.004,4,,,2941,2014-01-02,2025-12-30
004835,덕성우,,,survivor,,4.2399,0.1481,-0.9128,0.8706,2020:326%,2022:-66%,99992094.6862793,sideways,clean,False,0,0,0,0.007,5,,,2941,2014-01-02,2025-12-30
025820,이구산업,24221.0,,survivor,,4.2317,0.148,-0.7401,0.5596,2021:86%,2022:-12%,592352150.5932617,sideways,clean,False,0,0,0,0.005,3,,,2941,2014-01-02,2025-12-30
016610,DB증권,66121.0,,survivor,,4.2168,0.1477,-0.6444,0.3145,2025:125%,2022:-35%,206155852.91625977,spike,clean,False,0,0,0,0.005,3,,,2941,2014-01-02,2025-12-30
353200,대덕전자,2622.0,KOSPI,survivor,,4.2085,0.342,-0.6606,0.5177,2025:211%,2024:-42%,11470472131.801758,spike,clean,False,0,0,0,0.007,2,,,1376,2020-05-21,2025-12-30
045100,한양이엔지,721.0,,survivor,,4.1334,0.1461,-0.5926,0.397,2015:48%,2022:-11%,1085596380.1191406,sideways,clean,False,0,0,0,0.004,3,,,2941,2014-01-02,2025-12-30
001067,JW중외제약2우B,,,survivor,,4.1298,0.1461,-0.6546,0.5711,2015:199%,2016:-9%,13361241.515625,spike,clean,False,0,0,0,0.021,8,,,2941,2014-01-02,2025-12-30
034950,한국기업평가,75993.0,,survivor,,4.0944,0.1454,-0.4106,0.1648,2020:80%,2021:-22%,67007856.7578125,steady_grower,clean,False,0,0,0,0.007,6,,,2941,2014-01-02,2025-12-30
103140,풍산,242.0,KOSPI,survivor,,4.08,0.1452,-0.7507,0.4003,2025:123%,2018:-41%,4312043787.886719,spike,clean,False,0,0,0,0.007,3,,,2941,2014-01-02,2025-12-30
003535,한화투자증권우,,,survivor,,4.0705,0.145,-0.8881,0.6959,2021:286%,2022:-62%,48322810.4296875,spike,clean,False,0,0,0,0.007,4,,,2941,2014-01-02,2025-12-30
448900,한국피아이엠,303.0,KOSDAQ,survivor,,4.0345,0.9979,-0.6539,0.7752,2024:107%,2025:69%,0.0,spike,clean,False,0,0,0,0.542,47,,,566,2023-08-30,2025-12-30
083930,아바코,29272.0,,survivor,,4.0195,0.144,-0.5569,0.4541,2020:76%,2024:-18%,657910838.9882812,sideways,clean,False,0,0,0,0.006,3,,,2941,2014-01-02,2025-12-30
011560,세보엠이씨,422.0,,survivor,,4.0096,0.1438,-0.7962,0.3988,2017:56%,2018:-23%,222059540.3071289,sideways,clean,False,0,0,0,0.005,3,,,2941,2014-01-02,2025-12-30
397030,에이프릴바이오,70113.0,KOSDAQ,survivor,,4.0023,0.6007,-0.5414,0.6782,2025:239%,2024:-4%,3995296140.0,spike,clean,False,0,0,0,0.0,1,,,835,2022-07-29,2025-12-30
003780,진양산업,2225.0,,survivor,,3.9889,0.1434,-0.6827,0.4869,2018:84%,2017:-31%,308124274.70214844,sideways,clean,False,0,0,0,0.004,3,,,2941,2014-01-02,2025-12-30
000100,유한양행,212.0,KOSPI,survivor,,3.9337,0.1424,-0.4426,0.364,2024:74%,2016:-23%,10744409487.0,steady_grower,clean,False,0,0,0,0.007,4,,,2941,2014-01-02,2025-12-30
084010,대한제강,2411.0,,survivor,,3.9172,0.142,-0.7191,0.3969,2020:78%,2018:-39%,388140663.6953125,sideways,clean,False,0,0,0,0.006,3,,,2941,2014-01-02,2025-12-30
009155,삼성전기우,,,survivor,,3.9134,0.142,-0.653,0.3206,2025:110%,2022:-37%,359954340.7265625,spike,clean,False,0,0,0,0.005,4,,,2941,2014-01-02,2025-12-30
402340,SK스퀘어,64992.0,KOSPI,survivor,,3.8421,0.4713,-0.5789,0.5068,2025:364%,2022:-49%,23324529538.30078,spike,clean,False,0,0,0,0.008,2,,,998,2021-11-29,2025-12-30
002710,TCC스틸,24191.0,,survivor,,3.8334,0.1404,-0.8292,0.5511,2023:530%,2024:-54%,181837537.36328125,spike,clean,False,0,0,0,0.006,5,,,2941,2014-01-02,2025-12-30
023450,동남합성,201.0,,survivor,,3.8211,0.1402,-0.5631,0.292,2020:173%,2023:-36%,23027593.306640625,spike,clean,False,0,0,0,0.016,12,,,2941,2014-01-02,2025-12-30
030960,양지사,1811.0,,survivor,,3.8047,0.1398,-0.865,0.6539,2015:293%,2023:-59%,415644565.3916016,spike,clean,False,0,0,0,0.007,4,,,2941,2014-01-02,2025-12-30
001795,대한제당우,,,survivor,,3.8004,0.1398,-0.673,0.4849,2021:129%,2022:-23%,25291195.49499512,spike,clean,False,0,0,0,0.02,6,,,2941,2014-01-02,2025-12-30
018670,SK가스,46713.0,,survivor,,3.7775,0.1393,-0.5886,0.3359,2016:83%,2017:-24%,1136958768.5625,sideways,clean,False,0,0,0,0.006,3,,,2941,2014-01-02,2025-12-30
014285,금강공업우,,,survivor,,3.7666,0.1391,-0.8376,0.6901,2025:51%,2024:-27%,25927134.08203125,sideways,clean,False,0,0,0,0.011,3,,,2941,2014-01-02,2025-12-30
001940,KISCO홀딩스,241.0,,survivor,,3.7649,0.1391,-0.4795,0.2995,2023:58%,2024:-9%,137771305.3857422,steady_grower,clean,False,0,0,0,0.007,5,,,2941,2014-01-02,2025-12-30
092130,이크레더블,63991.0,,survivor,,3.7588,0.1389,-0.3978,0.1922,2016:42%,2022:-14%,87073684.06054688,steady_grower,clean,False,0,0,0,0.005,4,,,2941,2014-01-02,2025-12-30
105560,KB금융,64992.0,KOSPI,survivor,,3.728,0.1383,-0.5858,0.3108,2024:62%,2018:-24%,40465114199.56055,sideways,clean,False,0,0,0,0.006,3,,,2941,2014-01-02,2025-12-30
011500,한농화성,20421.0,,survivor,,3.709,0.1379,-0.6173,0.56,2020:114%,2022:-38%,395187625.3632813,spike,clean,False,0,0,0,0.005,3,,,2941,2014-01-02,2025-12-30
000815,삼성화재우,,,survivor,,3.6821,0.1374,-0.5619,0.2363,2024:54%,2020:-9%,748819023.125,sideways,clean,False,0,0,0,0.006,5,,,2941,2014-01-02,2025-12-30
011390,부산산업,23322.0,,survivor,,3.6735,0.1372,-0.7892,0.6376,2018:452%,2022:-30%,390744778.71875,spike,clean,False,0,0,0,0.006,4,,,2941,2014-01-02,2025-12-30
032190,다우데이타,46510.0,,survivor,,3.6717,0.1372,-0.8148,0.4444,2015:123%,2023:-55%,982723402.3271484,spike,clean,False,0,0,0,0.005,4,,,2941,2014-01-02,2025-12-30
032350,롯데관광개발,75210.0,,survivor,,3.6542,0.1368,-0.6684,0.5142,2025:204%,2023:-35%,2933082472.265625,spike,clean,False,0,0,0,0.01,13,,,2941,2014-01-02,2025-12-30
195870,해성디에스,262.0,KOSPI,survivor,,3.632,0.1751,-0.7542,0.4734,2025:142%,2024:-56%,2368518161.845215,spike,clean,False,0,0,0,0.006,3,,,2328,2016-06-29,2025-12-30
329180,HD현대중공업,31113.0,KOSPI,survivor,,3.6159,0.429,-0.3889,0.4706,2024:123%,2023:11%,29675165845.28516,spike,clean,False,0,0,0,0.01,3,,,1044,2021-09-17,2025-12-30
045660,에이텍,291.0,,survivor,,3.6003,0.1357,-0.7988,0.6416,2020:242%,2025:-65%,1227740977.1357422,sideways,clean,False,0,0,0,0.016,29,,,2941,2014-01-02,2025-12-30
017800,현대엘리베이터,29162.0,KOSPI,survivor,,3.58,0.1353,-0.7387,0.4679,2018:99%,2019:-35%,6159012823.828125,sideways,clean,False,0,0,0,0.005,3,,,2941,2014-01-02,2025-12-30
000520,삼일제약,212.0,,survivor,,3.5784,0.1353,-0.8114,0.55,2018:151%,2025:-26%,687146847.0371094,spike,clean,False,0,0,0,0.006,3,,,2941,2014-01-02,2025-12-30
013360,일성건설,41221.0,,survivor,,3.5717,0.1351,-0.8432,0.7156,2021:453%,2022:-66%,308754386.1364746,spike,clean,False,0,0,0,0.01,12,,,2941,2014-01-02,2025-12-30
476060,온코닉테라퓨틱스,701.0,,survivor,,3.5202,3.3294,-0.3902,1.0672,2025:379%,2025:379%,14090720120.0,spike,clean,False,0,0,0,0.0,1,,,248,2024-12-19,2025-12-30
068930,디지털대성,855.0,,survivor,,3.4985,0.1336,-0.4716,0.3057,2019:82%,2022:-25%,194178201.15844727,steady_grower,clean,False,0,0,0,0.01,12,,,2941,2014-01-02,2025-12-30
183300,코미코,29271.0,KOSDAQ,survivor,,3.4798,0.1865,-0.6634,0.4995,2025:142%,2024:-42%,2417234371.5625,spike,clean,False,0,0,0,0.004,2,,,2145,2017-03-24,2025-12-30
394800,쓰리빌리언,701.0,,survivor,,3.4463,2.7659,-0.337,0.8635,2025:256%,2025:256%,8694703080.0,spike,clean,False,0,0,0,0.0,1,,,273,2024-11-14,2025-12-30
024940,PN풍년,464.0,,survivor,,3.4183,0.1319,-0.7849,0.6359,2020:78%,2016:-30%,299823541.125,sideways,clean,False,0,0,0,0.006,3,,,2941,2014-01-02,2025-12-30
017960,한국카본,2512.0,KOSPI,survivor,,3.4157,0.1318,-0.5447,0.3982,2025:157%,2021:-19%,2671791123.638672,spike,clean,False,0,0,0,0.006,6,,,2941,2014-01-02,2025-12-30
047810,한국항공우주,31311.0,KOSPI,survivor,,3.4012,0.1315,-0.8366,0.4089,2025:110%,2018:-32%,24377605145.625,spike,clean,False,0,0,0,0.007,6,,,2941,2014-01-02,2025-12-30
002025,코오롱우,,,survivor,,3.3635,0.1307,-0.8817,0.4833,2015:151%,2018:-38%,33288275.444335938,spike,clean,False,0,0,0,0.009,4,,,2941,2014-01-02,2025-12-30
226950,올릭스,70113.0,KOSDAQ,survivor,,3.2805,0.2154,-0.8504,0.7552,2025:629%,2022:-50%,4762777600.0,spike,clean,False,0,0,0,0.007,3,,,1827,2018-07-18,2025-12-30
089970,브이엠,29271.0,KOSDAQ,survivor,,3.2711,0.2183,-0.796,0.5193,2025:340%,2022:-52%,1247485250.0,spike,clean,False,0,0,0,0.004,3,,,1802,2018-08-23,2025-12-30
240810,원익IPS,292.0,KOSDAQ,survivor,,3.2508,0.1616,-0.6346,0.4659,2025:205%,2022:-41%,8909446177.585938,spike,clean,False,0,0,0,0.005,3,,,2367,2016-05-02,2025-12-30
046310,백금T&A,2642.0,,survivor,,3.2306,0.1278,-0.8136,0.5646,2015:234%,2018:-47%,384438376.15722656,spike,clean,False,0,0,0,0.007,4,,,2941,2014-01-02,2025-12-30
475960,토모큐브,27309.0,,survivor,,3.2079,2.5206,-0.3847,0.8303,2025:232%,2025:232%,8880595250.0,spike,clean,False,0,0,0,0.0,1,,,277,2024-11-08,2025-12-30
002290,삼일기업공사,411.0,,survivor,,3.1905,0.1269,-0.7144,0.5056,2016:92%,2017:-33%,174274472.296875,sideways,clean,False,0,0,0,0.01,11,,,2941,2014-01-02,2025-12-30
005670,푸드웰,1030.0,,survivor,,3.1781,0.1266,-0.7353,0.4568,2015:98%,2017:-33%,166112232.7397461,sideways,clean,False,0,0,0,0.005,2,,,2941,2014-01-02,2025-12-30
026890,스틱인베스트먼트,64201.0,,survivor,,3.1445,0.1259,-0.7348,0.5315,2020:74%,2022:-64%,926104640.0,sideways,clean,False,0,0,0,0.005,3,,,2941,2014-01-02,2025-12-30
009150,삼성전기,2622.0,KOSPI,survivor,,3.1429,0.1258,-0.4963,0.3709,2025:108%,2022:-33%,51011289634.71875,spike,clean,False,0,0,0,0.006,3,,,2941,2014-01-02,2025-12-30
032940,원익,4659.0,,survivor,,3.1375,0.1257,-0.789,0.5084,2025:213%,2018:-24%,249660000.0,spike,clean,False,0,0,0,0.006,3,,,2941,2014-01-02,2025-12-30
022100,포스코DX,72129.0,KOSPI,survivor,,3.1316,0.1256,-0.759,0.4795,2023:1087%,2024:-74%,3790733016.738281,spike,clean,False,0,0,0,0.007,3,,,2941,2014-01-02,2025-12-30
085910,네오티스,303.0,,survivor,,3.1173,0.1253,-0.5219,0.3154,2025:191%,2023:-18%,72526715.10498047,spike,clean,False,0,0,0,0.005,3,,,2941,2014-01-02,2025-12-30
011790,SKC,204.0,KOSPI,survivor,,3.116,0.1252,-0.6503,0.4552,2021:87%,2022:-49%,11732622239.054688,sideways,clean,False,0,0,0,0.011,11,,,2941,2014-01-02,2025-12-30
084695,대상홀딩스우,,,survivor,,3.1114,0.1251,-0.7868,0.6174,2023:321%,2024:-56%,31632522.82421875,spike,clean,False,0,0,0,0.022,3,,,2941,2014-01-02,2025-12-30
134380,미원화학,20421.0,,survivor,,3.0949,0.1247,-0.5185,0.2408,2016:57%,2018:-25%,22753250.0,sideways,clean,False,0,0,0,0.006,5,,,2941,2014-01-02,2025-12-30
002100,경농,2032.0,,survivor,,3.081,0.1244,-0.723,0.4715,2018:84%,2022:-14%,258530225.37890625,sideways,clean,False,0,0,0,0.005,5,,,2941,2014-01-02,2025-12-30
003475,유안타증권우,,,survivor,,3.0789,0.1244,-0.7818,0.3746,2021:80%,2022:-38%,26170367.37182617,sideways,clean,False,0,0,0,0.006,3,,,2941,2014-01-02,2025-12-30
039340,한국경제TV,60221.0,,survivor,,3.0672,0.1241,-0.5369,0.3904,2015:55%,2022:-21%,257140207.23046875,sideways,clean,False,0,0,0,0.005,3,,,2941,2014-01-02,2025-12-30
005690,파미셀,262.0,,survivor,,3.0544,0.1238,-0.829,0.6332,2018:114%,2023:-46%,5537851554.789063,spike,clean,False,0,0,0,0.004,4,,,2941,2014-01-02,2025-12-30
001465,BYC우,,,survivor,,3.052,0.1238,-0.6551,0.3034,2025:92%,2018:-25%,17070666.97265625,sideways,clean,False,0,0,0,0.015,5,,,2941,2014-01-02,2025-12-30
002220,한일철강,2419.0,,survivor,,3.0232,0.1231,-0.7203,0.3948,2025:167%,2018:-27%,79814960.46728516,spike,clean,False,0,0,0,0.005,3,,,2941,2014-01-02,2025-12-30
041830,인바디,27199.0,,survivor,,3.0107,0.1228,-0.7645,0.437,2015:84%,2016:-53%,2031276862.9804688,sideways,clean,False,0,0,0,0.007,3,,,2941,2014-01-02,2025-12-30
007810,코리아써키트,2622.0,KOSPI,survivor,,2.997,0.1225,-0.7876,0.5373,2025:431%,2022:-62%,2133543162.8417969,sideways,clean,False,0,0,0,0.006,3,,,2941,2014-01-02,2025-12-30
025320,시노펙스,2629.0,,survivor,,2.9936,0.1224,-0.7841,0.6031,2023:225%,2018:-43%,2817116984.083008,spike,clean,False,0,0,0,0.011,15,,,2941,2014-01-02,2025-12-30
008930,한미사이언스,64992.0,,survivor,,2.9795,0.1221,-0.8746,0.5702,2015:755%,2016:-53%,5842900805.996094,spike,clean,False,0,0,0,0.006,3,,,2941,2014-01-02,2025-12-30
307950,현대오토에버,582.0,KOSPI,survivor,,2.9775,0.2266,-0.7518,0.5082,2025:167%,2024:-40%,7420632334.09375,sideways,clean,False,0,0,0,0.004,2,,,1659,2019-03-28,2025-12-30
015360,INVENI,715.0,,survivor,,2.9733,0.1219,-0.3596,0.2007,2024:57%,2022:-5%,43239487.09716797,steady_grower,clean,False,0,0,0,0.006,9,,,2941,2014-01-02,2025-12-30
001065,JW중외제약우,,,survivor,,2.9723,0.1219,-0.7111,0.5238,2015:140%,2021:-12%,14096835.73828125,spike,clean,False,0,0,0,0.013,4,,,2941,2014-01-02,2025-12-30
069510,에스텍,26529.0,,survivor,,2.9621,0.1217,-0.5099,0.3015,2025:46%,2021:-17%,71719315.26660156,sideways,clean,False,0,0,0,0.006,4,,,2941,2014-01-02,2025-12-30
039010,현대에이치티,26410.0,,survivor,,2.9571,0.1215,-0.6764,0.4406,2015:60%,2022:-28%,294523895.9707031,sideways,clean,False,0,0,0,0.005,3,,,2941,2014-01-02,2025-12-30
038010,제일테크노스,2511.0,,survivor,,2.9543,0.1215,-0.6886,0.5547,2016:80%,2017:-41%,285674653.796875,sideways,clean,False,0,0,0,0.008,10,,,2941,2014-01-02,2025-12-30
058430,포스코스틸리온,2419.0,,survivor,,2.9434,0.1212,-0.7871,0.4923,2021:222%,2024:-47%,309989768.4313965,spike,clean,False,0,0,0,0.005,4,,,2941,2014-01-02,2025-12-30
425420,티에프이,262.0,,survivor,,2.9309,0.5511,-0.748,0.7566,2023:359%,2024:-55%,1940833050.0,spike,clean,False,0,0,0,0.0,2,,,761,2022-11-17,2025-12-30
189300,인텔리안테크,26429.0,KOSDAQ,survivor,,2.928,0.1604,-0.6611,0.5174,2019:172%,2024:-48%,3202783831.0,spike,clean,False,0,0,0,0.004,3,,,2254,2016-10-18,2025-12-30
295310,에이치브이엠,24219.0,KOSDAQ,survivor,,2.9267,1.501,-0.5026,0.9231,2025:140%,2025:140%,6194740900.0,spike,clean,False,0,0,0,0.0,1,,,362,2024-07-03,2025-12-30
160190,하이젠알앤엠,28111.0,,survivor,,2.9248,1.4753,-0.5646,1.0298,2025:344%,2025:344%,9040882625.0,spike,clean,False,0,0,0,0.003,1,,,366,2024-06-27,2025-12-30
130660,한전산업,72129.0,,survivor,,2.8771,0.1196,-0.6063,0.4944,2021:160%,2022:-28%,427248271.6875,spike,clean,False,0,0,0,0.01,14,,,2941,2014-01-02,2025-12-30
092200,디아이씨,303.0,,survivor,,2.8769,0.1196,-0.9045,0.5629,2025:292%,2019:-64%,684878700.125,spike,clean,False,0,0,0,0.006,3,,,2941,2014-01-02,2025-12-30
088980,맥쿼리인프라,64201.0,KOSPI,survivor,,2.8745,0.1196,-0.2426,0.1113,2021:40%,2022:-16%,4282411810.1679688,steady_grower,clean,False,0,0,0,0.0,7,,,2935,2014-01-02,2025-12-30
054930,유신,72111.0,,survivor,,2.8737,0.1196,-0.8004,0.6008,2022:83%,2024:-26%,221698173.51171875,sideways,clean,False,0,0,0,0.006,4,,,2941,2014-01-02,2025-12-30
267250,HD현대,64992.0,KOSPI,survivor,,2.8716,0.1696,-0.6343,0.3606,2025:149%,2020:-11%,9596768422.19922,spike,clean,False,0,0,0,0.007,3,,,2116,2017-05-10,2025-12-30
086790,하나금융지주,64992.0,KOSPI,survivor,,2.8666,0.1194,-0.6304,0.3244,2025:77%,2015:-24%,26552256100.34375,sideways,clean,False,0,0,0,0.005,3,,,2941,2014-01-02,2025-12-30
010240,흥국,29241.0,,survivor,,2.8473,0.1189,-0.7545,0.4985,2016:128%,2019:-28%,171258059.5678711,spike,clean,False,0,0,0,0.006,3,,,2941,2014-01-02,2025-12-30
005940,NH투자증권,66121.0,KOSPI,survivor,,2.8273,0.1184,-0.6004,0.3095,2025:62%,2022:-24%,6270748085.697266,sideways,clean,False,0,0,0,0.006,5,,,2941,2014-01-02,2025-12-30
013700,까뮤이앤씨,41121.0,,survivor,,2.8259,0.1184,-0.7736,0.5128,2020:138%,2022:-25%,161132718.3203125,spike,clean,False,0,0,0,0.005,7,,,2941,2014-01-02,2025-12-30
064960,SNT모티브,303.0,,survivor,,2.8228,0.1183,-0.7186,0.3743,2015:107%,2016:-42%,1518914109.984375,spike,clean,False,0,0,0,0.006,3,,,2941,2014-01-02,2025-12-30
007815,코리아써우,,,survivor,,2.8218,0.1183,-0.6599,0.4333,2025:181%,2018:-47%,11926147.020019531,spike,clean,False,0,0,0,0.014,5,,,2941,2014-01-02,2025-12-30
214450,파마리서치,213.0,KOSDAQ,survivor,,2.8191,0.137,-0.7318,0.4837,2024:141%,2016:-44%,4610983683.140625,spike,clean,False,0,0,0,0.005,2,,,2557,2015-07-24,2025-12-30
264850,이랜시스,262.0,,survivor,,2.8027,0.1685,-0.5816,0.5388,2023:75%,2022:-30%,200464349.7158203,sideways,clean,False,0,0,0,0.115,107,,,2099,2017-06-02,2025-12-30
031330,에스에이엠티,4659.0,,survivor,,2.8004,0.1178,-0.5687,0.3912,2021:92%,2022:-34%,652929656.5393066,sideways,clean,False,0,0,0,0.007,3,,,2941,2014-01-02,2025-12-30
009070,KCTC,49301.0,,survivor,,2.7948,0.1176,-0.6498,0.5217,2021:67%,2022:-26%,200242169.0078125,sideways,clean,False,0,0,0,0.01,14,,,2941,2014-01-02,2025-12-30
114810,한솔아이원스,2927.0,,survivor,,2.7751,0.1171,-0.8851,0.483,2020:121%,2018:-40%,933446500.0,spike,clean,False,0,0,0,0.019,28,,,2941,2014-01-02,2025-12-30
109740,디에스케이,29272.0,,survivor,,2.7736,0.1171,-0.8498,0.5766,2016:272%,2017:-39%,389093700.0,spike,clean,False,0,0,0,0.046,119,,,2941,2014-01-02,2025-12-30
002020,코오롱,64992.0,,survivor,,2.7723,0.1171,-0.8945,0.5056,2015:264%,2018:-49%,1243555851.3046875,spike,clean,False,0,0,0,0.005,3,,,2941,2014-01-02,2025-12-30
389650,넥스트바이오메디컬,27199.0,,survivor,,2.7722,1.653,-0.403,0.7915,2025:118%,2025:118%,8341251400.0,spike,clean,False,0,0,0,0.0,1,,,329,2024-08-20,2025-12-30
006060,화승인더,46800.0,,survivor,,2.7692,0.117,-0.735,0.4481,2015:698%,2020:-38%,1380627911.7919922,spike,clean,False,0,0,0,0.005,2,,,2941,2014-01-02,2025-12-30
049950,미래컴퍼니,29271.0,,survivor,,2.7304,0.116,-0.9253,0.5894,2017:378%,2024:-44%,1118974501.7734375,spike,clean,False,0,0,0,0.006,6,,,2941,2014-01-02,2025-12-30
278470,에이피알,20423.0,KOSPI,survivor,,2.7145,1.0406,-0.4907,0.6457,2025:372%,2025:372%,53945740170.41016,spike,clean,False,0,0,0,0.02,9,,,447,2024-02-27,2025-12-30
001515,SK증권우,,,survivor,,2.6942,0.1151,-0.8345,0.6627,2015:143%,2022:-35%,40295004.70703125,spike,clean,False,0,0,0,0.005,4,,,2941,2014-01-02,2025-12-30
037270,YG PLUS,631.0,,survivor,,2.6857,0.1149,-0.8849,0.5896,2020:269%,2022:-45%,906416688.4980468,spike,clean,False,0,0,0,0.01,12,,,2941,2014-01-02,2025-12-30
001045,CJ우,,,survivor,,2.6806,0.1148,-0.7627,0.304,2015:74%,2016:-42%,195203844.19921875,sideways,clean,False,0,0,0,0.005,3,,,2941,2014-01-02,2025-12-30
094280,효성ITX,759.0,,survivor,,2.6608,0.1143,-0.5542,0.3803,2019:65%,2022:-29%,216972992.3671875,sideways,clean,False,0,0,0,0.006,4,,,2941,2014-01-02,2025-12-30
035890,서희건설,4112.0,,survivor,,2.6556,0.1142,-0.6469,0.3972,2015:55%,2022:-29%,1025488432.1228029,sideways,clean,False,0,0,0,0.039,91,,,2941,2014-01-02,2025-12-30
060250,NHN KCP,661.0,,survivor,,2.6468,0.1139,-0.8332,0.5064,2020:230%,2022:-55%,3462918985.138184,spike,clean,False,0,0,0,0.006,3,,,2941,2014-01-02,2025-12-30
005830,DB손해보험,65121.0,KOSPI,survivor,,2.63,0.1135,-0.6898,0.3374,2025:37%,2019:-24%,6755685686.621094,sideways,clean,False,0,0,0,0.005,3,,,2941,2014-01-02,2025-12-30
098120,마이크로컨텍솔,2629.0,,survivor,,2.6166,0.1132,-0.8885,0.6219,2025:232%,2024:-63%,461462341.9013672,sideways,clean,False,0,0,0,0.004,3,,,2941,2014-01-02,2025-12-30
000545,흥국화재우,,,survivor,,2.6146,0.1131,-0.8289,0.772,2015:107%,2022:-24%,24575170.0,spike,clean,False,0,0,0,0.007,3,,,2941,2014-01-02,2025-12-30
002460,HS화성,41112.0,,survivor,,2.6142,0.1131,-0.7452,0.3584,2025:31%,2019:-16%,345148055.6640625,sideways,clean,False,0,0,0,0.006,4,,,2941,2014-01-02,2025-12-30
053690,한미글로벌,72111.0,,survivor,,2.5937,0.1126,-0.6923,0.4953,2022:126%,2016:-24%,779189142.9682617,spike,clean,False,0,0,0,0.005,3,,,2941,2014-01-02,2025-12-30
037070,파세코,28519.0,,survivor,,2.5909,0.1125,-0.7741,0.5119,2019:98%,2024:-52%,504792345.7231445,sideways,clean,False,0,0,0,0.005,3,,,2941,2014-01-02,2025-12-30
071280,로체시스템즈,292.0,,survivor,,2.587,0.1124,-0.7561,0.5287,2016:188%,2025:-50%,600912339.3125,spike,clean,False,0,0,0,0.005,3,,,2941,2014-01-02,2025-12-30
035720,카카오,63120.0,KOSPI,survivor,,2.5808,0.1122,-0.806,0.3952,2020:154%,2022:-53%,72900195084.72656,spike,clean,False,0,0,0,0.007,4,,,2941,2014-01-02,2025-12-30
014970,삼륭물산,17223.0,,survivor,,2.5778,0.1122,-0.8072,0.6706,2025:128%,2022:-31%,166203852.0583496,spike,clean,False,0,0,0,0.005,2,,,2941,2014-01-02,2025-12-30
437730,삼현,303.0,,survivor,,2.5499,1.0401,-0.6521,0.9078,2025:499%,2025:499%,4475416983.644531,spike,clean,False,0,0,0,0.0,3,,,431,2024-03-21,2025-12-30
004100,태양금속,303.0,,survivor,,2.5446,0.1113,-0.7501,0.6296,2023:137%,2024:-26%,460217230.2678223,spike,clean,False,0,0,0,0.01,11,,,2941,2014-01-02,2025-12-30
006800,미래에셋증권,66121.0,KOSPI,survivor,,2.5404,0.1112,-0.7712,0.3752,2025:198%,2022:-28%,10334998385.98828,spike,clean,False,0,0,0,0.007,3,,,2941,2014-01-02,2025-12-30
090355,노루페인트우,,,survivor,,2.5359,0.1111,-0.8324,0.6498,2021:62%,2022:-26%,18350919.75,sideways,clean,False,0,0,0,0.013,6,,,2941,2014-01-02,2025-12-30
080010,이상네트웍스,4610.0,,survivor,,2.5246,0.1108,-0.6459,0.3814,2015:105%,2022:-16%,102230546.14990234,spike,clean,False,0,0,0,0.005,3,,,2941,2014-01-02,2025-12-30
009450,경동나비엔,28520.0,,survivor,,2.5199,0.1106,-0.616,0.4202,2024:87%,2022:-38%,2208538523.8125,sideways,clean,False,0,0,0,0.006,3,,,2941,2014-01-02,2025-12-30
005389,현대차3우B,,,survivor,,2.5065,0.1103,-0.6677,0.2593,2023:59%,2018:-18%,345458867.3046875,sideways,clean,False,0,0,0,0.006,4,,,2941,2014-01-02,2025-12-30
010470,오리콤,71310.0,,survivor,,2.5001,0.1101,-0.7907,0.5784,2015:170%,2016:-35%,187076999.35546875,spike,clean,False,0,0,0,0.007,3,,,2941,2014-01-02,2025-12-30
011070,LG이노텍,262.0,KOSPI,survivor,,2.4904,0.1099,-0.6917,0.4396,2021:101%,2018:-40%,24947062379.96875,spike,clean,False,0,0,0,0.004,2,,,2941,2014-01-02,2025-12-30
078070,유비쿼스홀딩스,64992.0,,survivor,,2.4786,0.1096,-0.8026,0.4246,2019:154%,2021:-38%,431468761.5820313,spike,clean,False,0,0,0,0.013,23,,,2941,2014-01-02,2025-12-30
005850,에스엘,303.0,,survivor,,2.4694,0.1093,-0.6721,0.4334,2021:95%,2022:-25%,1939682259.3339844,sideways,clean,False,0,0,0,0.017,32,,,2941,2014-01-02,2025-12-30
104700,한국철강,2411.0,,survivor,,2.4665,0.1092,-0.7526,0.3279,2020:43%,2018:-24%,288151210.828125,sideways,clean,False,0,0,0,0.007,3,,,2941,2014-01-02,2025-12-30
012030,DB,62021.0,,survivor,,2.456,0.109,-0.634,0.4627,2023:116%,2024:-25%,445164308.0,spike,clean,False,0,0,0,0.009,13,,,2941,2014-01-02,2025-12-30
094800,맵스리얼티,642.0,,survivor,,2.4361,0.1084,-0.3607,0.1469,2019:50%,2015:-10%,108382354.83880617,steady_grower,clean,False,0,0,0,0.009,6,,,2942,2014-01-02,2025-12-30
145020,휴젤,211.0,,survivor,,2.4293,0.1309,-0.6256,0.5009,2024:88%,2018:-32%,9911684553.3125,sideways,clean,False,0,0,0,0.004,2,,,2451,2015-12-24,2025-12-30
021080,에이티넘인베스트,64209.0,,survivor,,2.4242,0.1081,-0.8509,0.5974,2021:113%,2022:-48%,823388865.2304688,spike,clean,False,0,0,0,0.006,3,,,2941,2014-01-02,2025-12-30
023590,다우기술,631.0,,survivor,,2.4052,0.1076,-0.6248,0.4004,2025:133%,2016:-16%,1850367298.3867188,spike,clean,False,0,0,0,0.006,3,,,2941,2014-01-02,2025-12-30
037760,쎄니트,24122.0,,survivor,,2.3631,0.1064,-0.6558,0.4627,2015:85%,2017:-37%,143780770.91992188,sideways,clean,False,0,0,0,0.005,4,,,2941,2014-01-02,2025-12-30
009970,영원무역홀딩스,64992.0,,survivor,,2.3596,0.1063,-0.7509,0.324,2025:142%,2015:-23%,418272515.1171875,spike,clean,False,0,0,0,0.005,3,,,2941,2014-01-02,2025-12-30
003960,사조대림,10211.0,,survivor,,2.3556,0.1062,-0.712,0.4491,2021:57%,2019:-33%,375393337.578125,sideways,clean,False,0,0,0,0.005,3,,,2941,2014-01-02,2025-12-30
002030,아세아,715.0,,survivor,,2.3546,0.1062,-0.6026,0.2999,2023:47%,2015:-30%,281907656.625,sideways,clean,False,0,0,0,0.005,3,,,2941,2014-01-02,2025-12-30
179900,유티아이,2629.0,,survivor,,2.3518,0.1578,-0.7342,0.6168,2019:228%,2024:-28%,1476458143.4777832,spike,clean,False,0,0,0,0.004,3,,,2018,2017-09-28,2025-12-30
130580,나이스디앤비,75993.0,,survivor,,2.3505,0.1061,-0.6148,0.3426,2015:82%,2024:-23%,79231383.51171875,sideways,clean,False,0,0,0,0.005,3,,,2941,2014-01-02,2025-12-30
241520,DSC인베스트먼트,64209.0,,survivor,,2.3499,0.1434,-0.8454,0.6109,2025:152%,2022:-43%,928725523.6052246,spike,clean,False,0,0,0,0.006,3,,,2208,2016-12-21,2025-12-30
005430,한국공항,52939.0,,survivor,,2.3494,0.1061,-0.6306,0.3604,2016:48%,2015:-28%,252713283.22265625,sideways,clean,False,0,0,0,0.006,3,,,2941,2014-01-02,2025-12-30
218410,RFHIC,264.0,KOSDAQ,survivor,,2.3485,0.122,-0.7723,0.4656,2025:152%,2022:-37%,3411224298.4570312,spike,clean,False,0,0,0,0.083,79,,,2575,2015-06-30,2025-12-30
000325,노루홀딩스우,,,survivor,,2.3406,0.1058,-0.8443,0.6559,2021:114%,2022:-40%,12361793.283203123,spike,clean,False,0,0,0,0.018,4,,,2941,2014-01-02,2025-12-30
000270,기아,30121.0,KOSPI,survivor,,2.3355,0.1057,-0.6008,0.3199,2023:69%,2022:-24%,46804297511.64844,sideways,clean,False,0,0,0,0.006,3,,,2941,2014-01-02,2025-12-30
014820,동원시스템즈,222.0,,survivor,,2.3295,0.1055,-0.8945,0.4652,2015:268%,2018:-41%,938322315.3125,spike,clean,False,0,0,0,0.005,4,,,2941,2014-01-02,2025-12-30
030610,교보증권,66121.0,,survivor,,2.3292,0.1055,-0.638,0.315,2025:84%,2022:-35%,404082987.2607422,sideways,clean,False,0,0,0,0.005,3,,,2941,2014-01-02,2025-12-30
002230,피에스텍,27214.0,,survivor,,2.3127,0.105,-0.7509,0.3696,2025:162%,2016:-23%,150064105.10253906,spike,clean,False,0,0,0,0.005,4,,,2941,2014-01-02,2025-12-30
067900,와이엔텍,38220.0,,survivor,,2.3067,0.1049,-0.678,0.393,2019:133%,2021:-22%,485494811.11376953,spike,clean,False,0,0,0,0.006,3,,,2941,2014-01-02,2025-12-30
168360,펨트론,292.0,,survivor,,2.2769,0.4666,-0.746,0.7844,2023:222%,2024:-42%,3043798042.6811523,spike,clean,False,0,0,0,0.0,1,,,756,2022-11-24,2025-12-30
049630,재영솔루텍,27309.0,,survivor,,2.2705,0.1039,-0.8595,0.6397,2025:579%,2022:-56%,454168480.0,spike,clean,False,0,0,0,0.006,4,,,2941,2014-01-02,2025-12-30
019170,신풍제약,212.0,,survivor,,2.2697,0.1038,-0.9664,0.714,2020:1614%,2021:-74%,2909585999.63916,spike,clean,False,0,0,0,0.007,3,,,2941,2014-01-02,2025-12-30
174900,앱클론,213.0,KOSDAQ,survivor,,2.2692,0.1538,-0.8446,0.7423,2025:201%,2021:-52%,2874778950.0,spike,clean,False,0,0,0,0.002,2,,,2025,2017-09-18,2025-12-30
005385,현대차우,,,survivor,,2.2626,0.1036,-0.6888,0.2977,2023:58%,2018:-21%,2961962832.5429688,sideways,clean,False,0,0,0,0.005,3,,,2941,2014-01-02,2025-12-30
033780,KT&G,12000.0,KOSPI,survivor,,2.2528,0.1034,-0.4588,0.2355,2015:42%,2018:-9%,20230169120.992188,steady_grower,clean,False,0,0,0,0.006,3,,,2941,2014-01-02,2025-12-30
041510,에스엠,59201.0,,survivor,,2.2497,0.1033,-0.7023,0.4719,2021:150%,2016:-40%,12262155375.5625,spike,clean,False,0,0,0,0.005,2,,,2941,2014-01-02,2025-12-30
002900,TYM,29210.0,,survivor,,2.2459,0.1032,-0.8355,0.5739,2016:206%,2017:-57%,1402564844.7070312,spike,clean,False,0,0,0,0.014,15,,,2941,2014-01-02,2025-12-30
403870,HPSP,29271.0,KOSDAQ,survivor,,2.242,0.4048,-0.6501,0.6288,2023:229%,2024:-39%,23301909130.5,spike,clean,False,0,0,0,0.0,1,,,845,2022-07-15,2025-12-30
039240,경남스틸,24199.0,,survivor,,2.2401,0.103,-0.7559,0.5113,2021:158%,2025:-37%,175596300.92797852,spike,clean,False,0,0,0,0.009,12,,,2941,2014-01-02,2025-12-30
067080,대화제약,212.0,,survivor,,2.2386,0.103,-0.8807,0.6226,2015:429%,2021:-39%,1733280261.78125,spike,clean,False,0,0,0,0.005,3,,,2941,2014-01-02,2025-12-30
322000,HD현대에너지솔루션,2612.0,KOSPI,survivor,,2.2168,0.2106,-0.7756,0.6767,2025:171%,2021:-46%,3772918800.0,sideways,clean,False,0,0,0,0.007,2,,,1499,2019-11-19,2025-12-30
001430,세아베스틸지주,2411.0,KOSPI,survivor,,2.213,0.1022,-0.8626,0.4508,2025:170%,2018:-36%,1374722693.90625,spike,clean,False,0,0,0,0.006,3,,,2941,2014-01-02,2025-12-30
091580,상신이디피,28202.0,,survivor,,2.2078,0.1021,-0.7922,0.5234,2017:99%,2024:-52%,1292146141.1796875,sideways,clean,False,0,0,0,0.004,2,,,2941,2014-01-02,2025-12-30
081660,미스토홀딩스,464.0,,survivor,,2.2056,0.102,-0.7717,0.3763,2018:228%,2016:-25%,4730515618.921875,spike,clean,False,0,0,0,0.007,3,,,2941,2014-01-02,2025-12-30
115310,인포바인,61299.0,,survivor,,2.2045,0.102,-0.544,0.3801,2025:207%,2018:-16%,74146831.97753906,spike,clean,False,0,0,0,0.006,4,,,2941,2014-01-02,2025-12-30
388720,유일로보틱스,292.0,,survivor,,2.2,0.3596,-0.4883,0.7118,2025:183%,2024:11%,4219122800.0,spike,clean,False,0,0,0,0.002,2,,,926,2022-03-18,2025-12-30
213420,덕산네오룩스,262.0,,survivor,,2.1947,0.1135,-0.6924,0.5142,2019:85%,2018:-42%,4489295350.0,sideways,clean,False,0,0,0,0.005,2,,,2649,2015-03-13,2025-12-30
006260,LS,64992.0,KOSPI,survivor,,2.1907,0.1016,-0.7168,0.4288,2025:115%,2018:-30%,6514753326.554688,spike,clean,False,0,0,0,0.007,3,,,2941,2014-01-02,2025-12-30
101170,우림피티에스,29142.0,,survivor,,2.1889,0.1015,-0.8417,0.5836,2025:266%,2017:-51%,351137802.0253906,spike,clean,False,0,0,0,0.005,3,,,2941,2014-01-02,2025-12-30
178320,서진시스템,289.0,KOSDAQ,survivor,,2.1855,0.1414,-0.5144,0.4811,2020:76%,2022:-19%,7172963280.0,sideways,clean,False,0,0,0,0.008,4,,,2143,2017-03-28,2025-12-30
078935,GS우,,,survivor,,2.1654,0.1009,-0.3938,0.1835,2025:40%,2020:-13%,84400789.484375,steady_grower,clean,False,0,0,0,0.006,5,,,2941,2014-01-02,2025-12-30
020150,롯데에너지머티리얼즈,2629.0,,survivor,,2.1548,0.1005,-0.8568,0.5084,2017:187%,2022:-61%,10722490054.50293,spike,clean,False,0,0,0,0.004,3,,,2941,2014-01-02,2025-12-30
002720,국제약품,212.0,,survivor,,2.1477,0.1003,-0.7197,0.6288,2020:118%,2021:-36%,698158785.7940674,spike,clean,False,0,0,0,0.005,3,,,2941,2014-01-02,2025-12-30
348210,넥스틴,29271.0,,survivor,,2.1421,0.2449,-0.5378,0.4714,2025:42%,2024:-26%,3794135387.800781,sideways,clean,False,0,0,0,0.009,2,,,1280,2020-10-08,2025-12-30
008370,원풍,22212.0,,survivor,,2.1355,0.1,-0.5011,0.3693,2015:40%,2017:-12%,64860190.48461914,sideways,clean,False,0,0,0,0.005,4,,,2941,2014-01-02,2025-12-30
003720,삼영,2221.0,,survivor,,2.1334,0.0999,-0.717,0.4748,2020:160%,2017:-27%,308919781.2663574,spike,clean,False,0,0,0,0.004,4,,,2941,2014-01-02,2025-12-30
024110,기업은행,64121.0,KOSPI,survivor,,2.1298,0.0998,-0.6219,0.253,2025:57%,2020:-21%,9121972845.643066,sideways,clean,False,0,0,0,0.005,4,,,2941,2014-01-02,2025-12-30
005387,현대차2우B,,,survivor,,2.1252,0.0997,-0.663,0.3181,2023:59%,2018:-20%,5499487042.359375,sideways,clean,False,0,0,0,0.006,3,,,2941,2014-01-02,2025-12-30
112610,씨에스윈드,2511.0,KOSPI,survivor,,2.1209,0.1081,-0.6541,0.508,2020:395%,2024:-39%,5585574623.242188,spike,clean,False,0,0,0,0.005,2,,,2719,2014-11-27,2025-12-30
036890,진성티이씨,29241.0,,survivor,,2.1197,0.0995,-0.7386,0.4626,2020:82%,2018:-27%,1188282860.0390625,sideways,clean,False,0,0,0,0.004,3,,,2941,2014-01-02,2025-12-30
117730,티로보틱스,29271.0,,survivor,,2.1034,0.1733,-0.8312,0.662,2023:204%,2024:-59%,1957945390.0,spike,clean,False,0,0,0,0.006,3,,,1737,2018-11-29,2025-12-30
011785,금호석유화학우,,,survivor,,2.0919,0.0987,-0.6095,0.3465,2021:110%,2023:-21%,251862264.7578125,spike,clean,False,0,0,0,0.005,3,,,2941,2014-01-02,2025-12-30
100250,진양홀딩스,222.0,,survivor,,2.0824,0.0984,-0.5878,0.2467,2021:36%,2022:-13%,136232506.06567383,sideways,clean,False,0,0,0,0.005,4,,,2941,2014-01-02,2025-12-30
222080,씨아이에스,292.0,KOSDAQ,survivor,,2.0787,0.115,-0.7023,0.5362,2020:259%,2022:-38%,3456966480.0,spike,clean,False,0,0,0,0.021,38,,,2529,2015-09-02,2025-12-30
014580,태경비케이,23312.0,,survivor,,2.0647,0.0979,-0.711,0.4638,2019:71%,2024:-29%,440610831.49609375,sideways,clean,False,0,0,0,0.009,13,,,2941,2014-01-02,2025-12-30
078140,대봉엘에스,212.0,,survivor,,2.0621,0.0978,-0.7393,0.5447,2020:62%,2018:-35%,788476972.9882812,sideways,clean,False,0,0,0,0.006,3,,,2941,2014-01-02,2025-12-30
285490,노바텍,339.0,,survivor,,2.0612,0.1691,-0.7805,0.6623,2020:338%,2022:-51%,929614396.7480468,spike,clean,False,0,0,0,0.004,2,,,1756,2018-11-02,2025-12-30
000810,삼성화재,65121.0,KOSPI,survivor,,2.0532,0.0975,-0.5777,0.3225,2025:46%,2020:-19%,15722737465.625,sideways,clean,False,0,0,0,0.005,3,,,2941,2014-01-02,2025-12-30
000970,한국주철관,24131.0,,survivor,,2.043,0.0972,-0.7621,0.4023,2015:136%,2022:-21%,294215067.8603516,spike,clean,False,0,0,0,0.005,4,,,2941,2014-01-02,2025-12-30
000880,한화,20494.0,KOSPI,survivor,,2.0375,0.0971,-0.7527,0.4013,2025:203%,2018:-23%,6722969098.916016,spike,clean,False,0,0,0,0.006,5,,,2941,2014-01-02,2025-12-30
033500,동성화인텍,201.0,,survivor,,2.0351,0.097,-0.7134,0.4325,2025:73%,2015:-37%,1643503893.8828125,sideways,clean,False,0,0,0,0.01,13,,,2941,2014-01-02,2025-12-30
115450,HLB테라퓨틱스,467.0,,survivor,,2.0263,0.0967,-0.8871,0.6701,2015:288%,2025:-73%,3777503078.486328,sideways,clean,False,0,0,0,0.006,3,,,2941,2014-01-02,2025-12-30
034020,두산에너빌리티,29119.0,KOSPI,survivor,,2.0242,0.0967,-0.9174,0.5072,2025:329%,2017:-44%,20521460612.671875,spike,clean,False,0,0,0,0.006,3,,,2941,2014-01-02,2025-12-30
009835,한화솔루션우,,,survivor,,2.0197,0.0965,-0.8459,0.6165,2020:422%,2021:-42%,131557578.3359375,spike,clean,False,0,0,0,0.014,23,,,2941,2014-01-02,2025-12-30
016360,삼성증권,66121.0,KOSPI,survivor,,2.0054,0.0961,-0.6229,0.2959,2025:82%,2022:-26%,7849581610.1171875,sideways,clean,False,0,0,0,0.005,3,,,2941,2014-01-02,2025-12-30
090460,비에이치,2622.0,,survivor,,2.0037,0.0961,-0.6576,0.4979,2017:221%,2018:-38%,7049232301.679688,spike,clean,False,0,0,0,0.005,4,,,2941,2014-01-02,2025-12-30
